{
	"sources" : 
	[
		{
			"file" : "/Users/esmatrabaki/ITS-BRD-VSC/Programs/DrehgeberPolling/tmp/CMakeFiles/DrehgeberPolling.Debug+ITSboard-database"
		},
		{
			"file" : "/Users/esmatrabaki/ITS-BRD-VSC/Programs/DrehgeberPolling/tmp/CMakeFiles/DrehgeberPolling.Debug+ITSboard-database.rule"
		},
		{
			"file" : "/Users/esmatrabaki/ITS-BRD-VSC/Programs/DrehgeberPolling/tmp/DrehgeberPolling.Debug+ITSboard/src/DrehgeberPolling.Debug+ITSboard-stamp/DrehgeberPolling.Debug+ITSboard-database.rule"
		},
		{
			"file" : "/Users/esmatrabaki/ITS-BRD-VSC/Programs/DrehgeberPolling/tmp/DrehgeberPolling.Debug+ITSboard/src/DrehgeberPolling.Debug+ITSboard-stamp/DrehgeberPolling.Debug+ITSboard-configure.rule"
		},
		{
			"file" : "/Users/esmatrabaki/ITS-BRD-VSC/Programs/DrehgeberPolling/tmp/DrehgeberPolling.Debug+ITSboard/src/DrehgeberPolling.Debug+ITSboard-stamp/DrehgeberPolling.Debug+ITSboard-patch.rule"
		},
		{
			"file" : "/Users/esmatrabaki/ITS-BRD-VSC/Programs/DrehgeberPolling/tmp/DrehgeberPolling.Debug+ITSboard/src/DrehgeberPolling.Debug+ITSboard-stamp/DrehgeberPolling.Debug+ITSboard-update.rule"
		},
		{
			"file" : "/Users/esmatrabaki/ITS-BRD-VSC/Programs/DrehgeberPolling/tmp/DrehgeberPolling.Debug+ITSboard/src/DrehgeberPolling.Debug+ITSboard-stamp/DrehgeberPolling.Debug+ITSboard-download.rule"
		},
		{
			"file" : "/Users/esmatrabaki/ITS-BRD-VSC/Programs/DrehgeberPolling/tmp/DrehgeberPolling.Debug+ITSboard/src/DrehgeberPolling.Debug+ITSboard-stamp/DrehgeberPolling.Debug+ITSboard-mkdir.rule"
		}
	],
	"target" : 
	{
		"labels" : 
		[
			"DrehgeberPolling.Debug+ITSboard"
		],
		"name" : "DrehgeberPolling.Debug+ITSboard-database"
	}
}